success,spl,distance
0.0,0.0,4.9284678
0.0,0.0,4.1808577
0.0,0.0,9.460598
0.0,0.0,6.3132787
0.0,0.0,6.825133
0.0,0.0,4.460447
0.0,0.0,6.0923514
0.0,0.0,4.7232347
0.0,0.0,6.3148646
0.0,0.0,4.694602
0.0,0.0,6.3507743
