{
  "episodes": 21,
  "SR_A": 0.09523809523809523,
  "SR_B_given_A": 0.0,
  "n_cond_B": 2,
  "mean_spl_A": 0.09523809523809523,
  "mean_spl_B": 0.0
}