{
  "episodes": 21,
  "SR_A": 0.5714285714285714,
  "SR_B_given_A": 0.0,
  "n_cond_B": 12,
  "mean_spl_A": 0.5714285714285714,
  "mean_spl_B": 0.0
}